{"base_files_url": "https://raw.githubusercontent.com/theypsilon/Distribution_Unofficial_MiSTer/2590e372d6188492f851ab9446e9cc70052c7b55/", "db_files": ["unofficialdb.json.zip"], "db_id": "theypsilon_unofficial_distribution", "db_url": "https://raw.githubusercontent.com/theypsilon/Distribution_Unofficial_MiSTer/main/unofficialdb.json.zip", "default_options": {}, "files": {"_Arcade/Penguin-Kun_Wars.mra": {"hash": "9fa11e00ea82aea66e5ce1e42d6e51ce", "size": 1099, "tags": [11, 16, 17]}, "_Arcade/Penguin-Kun_Wars_Japan.mra": {"hash": "2440eb738e6c35d968c8a67267dca563", "size": 1116, "tags": [11, 16, 17]}, "_Arcade/cores/PenguinKunWars_20200530.rbf": {"delete": ["_Arcade/cores/PenguinKunWars_*"], "hash": "e58fa46423badefcb9e7f87061758645", "size": 2867776, "tags": [11, 15, 16]}, "_Computer/zx48_20210912.rbf": {"delete": ["_Computer/zx48_*"], "hash": "cb514b6b17f98653d962466efba47264", "size": 3305204, "tags": [12, 15, 18]}, "docs/zx48/README.md": {"hash": "a4f1ea464b2e92ef1b3a6c61fa4d079d", "size": 735, "tags": [18, 19, 20]}}, "folders": {"_Arcade": {"tags": [11]}, "_Arcade/cores": {"tags": [11, 15]}, "_Computer": {"tags": [12, 15]}, "docs": {"tags": [19]}, "docs/zx48": {"tags": [18, 19]}, "games": {"tags": [21]}, "games/hbmame": {"tags": [21, 22]}, "games/mame": {"tags": [21, 23]}, "games/zx48": {"tags": [18, 21]}}, "latest_zip_url": "https://github.com/theypsilon/Distribution_Unofficial_MiSTer/archive/refs/heads/main.zip", "tag_dictionary": {"arcade": 11, "arcadecores": 11, "arcadepenguinkunwars": 16, "computer": 12, "computercores": 12, "cores": 15, "docs": 19, "games": 21, "hbmame": 22, "mame": 23, "mra": 17, "readme": 20, "zx48": 18}, "timestamp": 1646353063, "zips": {}}