{"base_files_url": "https://raw.githubusercontent.com/theypsilon/Distribution_Unofficial_MiSTer/22910a2ecd768cc0b58f8aa91f8b68e99184a6c8/", "db_files": ["unofficialdb.json.zip"], "db_id": "theypsilon_unofficial_distribution", "db_url": "https://raw.githubusercontent.com/theypsilon/Distribution_Unofficial_MiSTer/main/unofficialdb.json.zip", "default_options": {}, "files": {"_Arcade/Nemesis (ROM Version).mra": {"hash": "63a0b5e49acbbb7752823126572dae8f", "size": 4271, "tags": [12, 16, 17]}, "_Arcade/_alternatives/_Nemesis/Nemesis (World, ROM Version).mra": {"hash": "3ee39d7e169e4ca943331fefca96739e", "size": 4308, "tags": [12, 16, 17, 18]}, "_Arcade/cores/nemesis_20220628.rbf": {"hash": "fb6f68ab9f1c05edff8890946dd1d0b2", "size": 3407564, "tags": [12, 17, 19]}, "_Computer/zx48_20210912.rbf": {"hash": "cb514b6b17f98653d962466efba47264", "size": 3305204, "tags": [13, 19, 20]}, "|docs/zx48/README.md": {"hash": "a4f1ea464b2e92ef1b3a6c61fa4d079d", "size": 735, "tags": [20, 21, 22]}}, "folders": {"_Arcade": {"tags": [12]}, "_Arcade/_alternatives": {"tags": [12, 18]}, "_Arcade/_alternatives/_Nemesis": {"tags": [12, 17, 18]}, "_Arcade/cores": {"tags": [12, 19]}, "_Computer": {"tags": [13, 19]}, "|docs": {"tags": [21]}, "|docs/zx48": {"tags": [20, 21]}, "|games": {"tags": [23]}, "|games/hbmame": {"tags": [23, 24]}, "|games/mame": {"tags": [23, 25]}, "|games/zx48": {"tags": [20, 23]}}, "latest_zip_url": "https://github.com/theypsilon/Distribution_Unofficial_MiSTer/archive/refs/heads/main.zip", "tag_dictionary": {"alternatives": 18, "arcade": 12, "arcadecores": 12, "arcadenemesis": 17, "computer": 13, "computercores": 13, "cores": 19, "docs": 21, "games": 23, "hbmame": 24, "mame": 25, "mra": 16, "readme": 22, "zx48": 20}, "timestamp": 1671668288, "zips": {}}